"Event.Index","UTC.Timestamp","UTC.Date.and.Time","Local.Timestamp","Local.Timezone","Local.Date.and.Time","Experiment.ID","Experiment.Version","Tree.Node.Key","Repeat.Key","Schedule.ID","Participant.Private.ID","Participant.Starting.Group","Participant.Status","Participant.Completion.Code","Participant.External.Session.ID","Participant.Device.Type","Participant.Device","Participant.OS","Participant.Browser","Participant.Monitor.Size","Participant.Viewport.Size","Checkpoint","Room.ID","Room.Order","Task.Name","Task.Version","order.ot79","branch.g31k","branch.5gtn","Page","Page.ID","Page.Counter","Question","Response.Type","Key","Response","Tag","OptionOrder","Object.Name","Object.Number","Object.ID","Random_ID"
"1",1694249550978,"09/09/2023 08:52:30",1694253150978,1,"09/09/2023 10:52:30",142855,5,"questionnaire-97cc",NA,31602769,9343116,NA,"complete",NA,"64fc39bc027c6a69e37600ba","computer","Desktop or Laptop","Mac OS 10.15.7","Chrome 116.0.0.0","1440x900","1440x758",NA,NA,0,"ARI",2,"CDBEAFJGIH","Passed AC2",NA,"","",NA,"","5","","BEGIN",NA,"","",NA,"","SUPPRF20908"
"2",1694249573360,"09/09/2023 08:52:53",1694253173360,1,"09/09/2023 10:52:53",142855,5,"questionnaire-97cc",NA,31602769,9343116,NA,"complete",NA,"64fc39bc027c6a69e37600ba","computer","Desktop or Laptop","Mac OS 10.15.7","Chrome 116.0.0.0","1440x900","1440x758",NA,NA,0,"ARI",2,"CDBEAFJGIH","Passed AC2",NA,"Page 1","emujo8",1,"In the **last 6 months** and **compared to others of the same age,**
how well does each of the following statements describe your
behaviour/feelings?","response","Easily annoyed by others","Somewhat true",NA,"Easily annoyed by others|Often lose temper|Stay angry for a long time|Angry most of the time|Get angry frequently|Lose temper easily|Overall, irritability causes me problems","Multiple Choice Grid",1,"object-2","SUPPRF20908"
"3",1694249573360,"09/09/2023 08:52:53",1694253173360,1,"09/09/2023 10:52:53",142855,5,"questionnaire-97cc",NA,31602769,9343116,NA,"complete",NA,"64fc39bc027c6a69e37600ba","computer","Desktop or Laptop","Mac OS 10.15.7","Chrome 116.0.0.0","1440x900","1440x758",NA,NA,0,"ARI",2,"CDBEAFJGIH","Passed AC2",NA,"Page 1","emujo8",1,"In the **last 6 months** and **compared to others of the same age,**
how well does each of the following statements describe your
behaviour/feelings?","response","Easily annoyed by others-quantised","2",NA,"Easily annoyed by others|Often lose temper|Stay angry for a long time|Angry most of the time|Get angry frequently|Lose temper easily|Overall, irritability causes me problems","Multiple Choice Grid",1,"object-2","SUPPRF20908"
"4",1694249573360,"09/09/2023 08:52:53",1694253173360,1,"09/09/2023 10:52:53",142855,5,"questionnaire-97cc",NA,31602769,9343116,NA,"complete",NA,"64fc39bc027c6a69e37600ba","computer","Desktop or Laptop","Mac OS 10.15.7","Chrome 116.0.0.0","1440x900","1440x758",NA,NA,0,"ARI",2,"CDBEAFJGIH","Passed AC2",NA,"Page 1","emujo8",1,"In the **last 6 months** and **compared to others of the same age,**
how well does each of the following statements describe your
behaviour/feelings?","response","Often lose temper","Not true",NA,"Easily annoyed by others|Often lose temper|Stay angry for a long time|Angry most of the time|Get angry frequently|Lose temper easily|Overall, irritability causes me problems","Multiple Choice Grid",1,"object-2","SUPPRF20908"
"5",1694249573361,"09/09/2023 08:52:53",1694253173361,1,"09/09/2023 10:52:53",142855,5,"questionnaire-97cc",NA,31602769,9343116,NA,"complete",NA,"64fc39bc027c6a69e37600ba","computer","Desktop or Laptop","Mac OS 10.15.7","Chrome 116.0.0.0","1440x900","1440x758",NA,NA,0,"ARI",2,"CDBEAFJGIH","Passed AC2",NA,"Page 1","emujo8",1,"In the **last 6 months** and **compared to others of the same age,**
how well does each of the following statements describe your
behaviour/feelings?","response","Often lose temper-quantised","1",NA,"Easily annoyed by others|Often lose temper|Stay angry for a long time|Angry most of the time|Get angry frequently|Lose temper easily|Overall, irritability causes me problems","Multiple Choice Grid",1,"object-2","SUPPRF20908"
"6",1694249573361,"09/09/2023 08:52:53",1694253173361,1,"09/09/2023 10:52:53",142855,5,"questionnaire-97cc",NA,31602769,9343116,NA,"complete",NA,"64fc39bc027c6a69e37600ba","computer","Desktop or Laptop","Mac OS 10.15.7","Chrome 116.0.0.0","1440x900","1440x758",NA,NA,0,"ARI",2,"CDBEAFJGIH","Passed AC2",NA,"Page 1","emujo8",1,"In the **last 6 months** and **compared to others of the same age,**
how well does each of the following statements describe your
behaviour/feelings?","response","Stay angry for a long time","Somewhat true",NA,"Easily annoyed by others|Often lose temper|Stay angry for a long time|Angry most of the time|Get angry frequently|Lose temper easily|Overall, irritability causes me problems","Multiple Choice Grid",1,"object-2","SUPPRF20908"
"7",1694249573361,"09/09/2023 08:52:53",1694253173361,1,"09/09/2023 10:52:53",142855,5,"questionnaire-97cc",NA,31602769,9343116,NA,"complete",NA,"64fc39bc027c6a69e37600ba","computer","Desktop or Laptop","Mac OS 10.15.7","Chrome 116.0.0.0","1440x900","1440x758",NA,NA,0,"ARI",2,"CDBEAFJGIH","Passed AC2",NA,"Page 1","emujo8",1,"In the **last 6 months** and **compared to others of the same age,**
how well does each of the following statements describe your
behaviour/feelings?","response","Stay angry for a long time-quantised","2",NA,"Easily annoyed by others|Often lose temper|Stay angry for a long time|Angry most of the time|Get angry frequently|Lose temper easily|Overall, irritability causes me problems","Multiple Choice Grid",1,"object-2","SUPPRF20908"
"8",1694249573362,"09/09/2023 08:52:53",1694253173362,1,"09/09/2023 10:52:53",142855,5,"questionnaire-97cc",NA,31602769,9343116,NA,"complete",NA,"64fc39bc027c6a69e37600ba","computer","Desktop or Laptop","Mac OS 10.15.7","Chrome 116.0.0.0","1440x900","1440x758",NA,NA,0,"ARI",2,"CDBEAFJGIH","Passed AC2",NA,"Page 1","emujo8",1,"In the **last 6 months** and **compared to others of the same age,**
how well does each of the following statements describe your
behaviour/feelings?","response","Angry most of the time","Not true",NA,"Easily annoyed by others|Often lose temper|Stay angry for a long time|Angry most of the time|Get angry frequently|Lose temper easily|Overall, irritability causes me problems","Multiple Choice Grid",1,"object-2","SUPPRF20908"
"9",1694249573362,"09/09/2023 08:52:53",1694253173362,1,"09/09/2023 10:52:53",142855,5,"questionnaire-97cc",NA,31602769,9343116,NA,"complete",NA,"64fc39bc027c6a69e37600ba","computer","Desktop or Laptop","Mac OS 10.15.7","Chrome 116.0.0.0","1440x900","1440x758",NA,NA,0,"ARI",2,"CDBEAFJGIH","Passed AC2",NA,"Page 1","emujo8",1,"In the **last 6 months** and **compared to others of the same age,**
how well does each of the following statements describe your
behaviour/feelings?","response","Angry most of the time-quantised","1",NA,"Easily annoyed by others|Often lose temper|Stay angry for a long time|Angry most of the time|Get angry frequently|Lose temper easily|Overall, irritability causes me problems","Multiple Choice Grid",1,"object-2","SUPPRF20908"
"10",1694249573363,"09/09/2023 08:52:53",1694253173363,1,"09/09/2023 10:52:53",142855,5,"questionnaire-97cc",NA,31602769,9343116,NA,"complete",NA,"64fc39bc027c6a69e37600ba","computer","Desktop or Laptop","Mac OS 10.15.7","Chrome 116.0.0.0","1440x900","1440x758",NA,NA,0,"ARI",2,"CDBEAFJGIH","Passed AC2",NA,"Page 1","emujo8",1,"In the **last 6 months** and **compared to others of the same age,**
how well does each of the following statements describe your
behaviour/feelings?","response","Get angry frequently","Not true",NA,"Easily annoyed by others|Often lose temper|Stay angry for a long time|Angry most of the time|Get angry frequently|Lose temper easily|Overall, irritability causes me problems","Multiple Choice Grid",1,"object-2","SUPPRF20908"
"11",1694249573363,"09/09/2023 08:52:53",1694253173363,1,"09/09/2023 10:52:53",142855,5,"questionnaire-97cc",NA,31602769,9343116,NA,"complete",NA,"64fc39bc027c6a69e37600ba","computer","Desktop or Laptop","Mac OS 10.15.7","Chrome 116.0.0.0","1440x900","1440x758",NA,NA,0,"ARI",2,"CDBEAFJGIH","Passed AC2",NA,"Page 1","emujo8",1,"In the **last 6 months** and **compared to others of the same age,**
how well does each of the following statements describe your
behaviour/feelings?","response","Get angry frequently-quantised","1",NA,"Easily annoyed by others|Often lose temper|Stay angry for a long time|Angry most of the time|Get angry frequently|Lose temper easily|Overall, irritability causes me problems","Multiple Choice Grid",1,"object-2","SUPPRF20908"
"12",1694249573363,"09/09/2023 08:52:53",1694253173363,1,"09/09/2023 10:52:53",142855,5,"questionnaire-97cc",NA,31602769,9343116,NA,"complete",NA,"64fc39bc027c6a69e37600ba","computer","Desktop or Laptop","Mac OS 10.15.7","Chrome 116.0.0.0","1440x900","1440x758",NA,NA,0,"ARI",2,"CDBEAFJGIH","Passed AC2",NA,"Page 1","emujo8",1,"In the **last 6 months** and **compared to others of the same age,**
how well does each of the following statements describe your
behaviour/feelings?","response","Lose temper easily","Not true",NA,"Easily annoyed by others|Often lose temper|Stay angry for a long time|Angry most of the time|Get angry frequently|Lose temper easily|Overall, irritability causes me problems","Multiple Choice Grid",1,"object-2","SUPPRF20908"
"13",1694249573364,"09/09/2023 08:52:53",1694253173364,1,"09/09/2023 10:52:53",142855,5,"questionnaire-97cc",NA,31602769,9343116,NA,"complete",NA,"64fc39bc027c6a69e37600ba","computer","Desktop or Laptop","Mac OS 10.15.7","Chrome 116.0.0.0","1440x900","1440x758",NA,NA,0,"ARI",2,"CDBEAFJGIH","Passed AC2",NA,"Page 1","emujo8",1,"In the **last 6 months** and **compared to others of the same age,**
how well does each of the following statements describe your
behaviour/feelings?","response","Lose temper easily-quantised","1",NA,"Easily annoyed by others|Often lose temper|Stay angry for a long time|Angry most of the time|Get angry frequently|Lose temper easily|Overall, irritability causes me problems","Multiple Choice Grid",1,"object-2","SUPPRF20908"
"14",1694249573364,"09/09/2023 08:52:53",1694253173364,1,"09/09/2023 10:52:53",142855,5,"questionnaire-97cc",NA,31602769,9343116,NA,"complete",NA,"64fc39bc027c6a69e37600ba","computer","Desktop or Laptop","Mac OS 10.15.7","Chrome 116.0.0.0","1440x900","1440x758",NA,NA,0,"ARI",2,"CDBEAFJGIH","Passed AC2",NA,"Page 1","emujo8",1,"In the **last 6 months** and **compared to others of the same age,**
how well does each of the following statements describe your
behaviour/feelings?","response","Overall, irritability causes me problems","Somewhat true",NA,"Easily annoyed by others|Often lose temper|Stay angry for a long time|Angry most of the time|Get angry frequently|Lose temper easily|Overall, irritability causes me problems","Multiple Choice Grid",1,"object-2","SUPPRF20908"
"15",1694249573365,"09/09/2023 08:52:53",1694253173365,1,"09/09/2023 10:52:53",142855,5,"questionnaire-97cc",NA,31602769,9343116,NA,"complete",NA,"64fc39bc027c6a69e37600ba","computer","Desktop or Laptop","Mac OS 10.15.7","Chrome 116.0.0.0","1440x900","1440x758",NA,NA,0,"ARI",2,"CDBEAFJGIH","Passed AC2",NA,"Page 1","emujo8",1,"In the **last 6 months** and **compared to others of the same age,**
how well does each of the following statements describe your
behaviour/feelings?","response","Overall, irritability causes me problems-quantised","2",NA,"Easily annoyed by others|Often lose temper|Stay angry for a long time|Angry most of the time|Get angry frequently|Lose temper easily|Overall, irritability causes me problems","Multiple Choice Grid",1,"object-2","SUPPRF20908"
"16",1694249573365,"09/09/2023 08:52:53",1694253173365,1,"09/09/2023 10:52:53",142855,5,"questionnaire-97cc",NA,31602769,9343116,NA,"complete",NA,"64fc39bc027c6a69e37600ba","computer","Desktop or Laptop","Mac OS 10.15.7","Chrome 116.0.0.0","1440x900","1440x758",NA,NA,0,"ARI",2,"CDBEAFJGIH","Passed AC2",NA,"","",NA,"","5","","END",NA,"","",NA,"","SUPPRF20908"
"1",1694256272220,"09/09/2023 10:44:32",1694259872220,1,"09/09/2023 12:44:32",142855,5,"questionnaire-97cc",NA,31604327,9343364,NA,"complete",NA,"64fc592debbc7be9153252b0","computer","Desktop or Laptop","Mac OS 10.15.7","Chrome 116.0.0.0","1440x900","1440x716",NA,NA,0,"ARI",2,"EFDGCHBIAJ","Passed AC2",NA,"","",NA,"","5","","BEGIN",NA,"","",NA,"","SUPPRF63488"
"2",1694256287936,"09/09/2023 10:44:47",1694259887936,1,"09/09/2023 12:44:47",142855,5,"questionnaire-97cc",NA,31604327,9343364,NA,"complete",NA,"64fc592debbc7be9153252b0","computer","Desktop or Laptop","Mac OS 10.15.7","Chrome 116.0.0.0","1440x900","1440x716",NA,NA,0,"ARI",2,"EFDGCHBIAJ","Passed AC2",NA,"Page 1","emujo8",1,"In the **last 6 months** and **compared to others of the same age,**
how well does each of the following statements describe your
behaviour/feelings?","response","Easily annoyed by others","Not true",NA,"Easily annoyed by others|Often lose temper|Stay angry for a long time|Angry most of the time|Get angry frequently|Lose temper easily|Overall, irritability causes me problems","Multiple Choice Grid",1,"object-2","SUPPRF63488"
"3",1694256287936,"09/09/2023 10:44:47",1694259887936,1,"09/09/2023 12:44:47",142855,5,"questionnaire-97cc",NA,31604327,9343364,NA,"complete",NA,"64fc592debbc7be9153252b0","computer","Desktop or Laptop","Mac OS 10.15.7","Chrome 116.0.0.0","1440x900","1440x716",NA,NA,0,"ARI",2,"EFDGCHBIAJ","Passed AC2",NA,"Page 1","emujo8",1,"In the **last 6 months** and **compared to others of the same age,**
how well does each of the following statements describe your
behaviour/feelings?","response","Easily annoyed by others-quantised","1",NA,"Easily annoyed by others|Often lose temper|Stay angry for a long time|Angry most of the time|Get angry frequently|Lose temper easily|Overall, irritability causes me problems","Multiple Choice Grid",1,"object-2","SUPPRF63488"
"4",1694256287936,"09/09/2023 10:44:47",1694259887936,1,"09/09/2023 12:44:47",142855,5,"questionnaire-97cc",NA,31604327,9343364,NA,"complete",NA,"64fc592debbc7be9153252b0","computer","Desktop or Laptop","Mac OS 10.15.7","Chrome 116.0.0.0","1440x900","1440x716",NA,NA,0,"ARI",2,"EFDGCHBIAJ","Passed AC2",NA,"Page 1","emujo8",1,"In the **last 6 months** and **compared to others of the same age,**
how well does each of the following statements describe your
behaviour/feelings?","response","Often lose temper","Not true",NA,"Easily annoyed by others|Often lose temper|Stay angry for a long time|Angry most of the time|Get angry frequently|Lose temper easily|Overall, irritability causes me problems","Multiple Choice Grid",1,"object-2","SUPPRF63488"
"5",1694256287937,"09/09/2023 10:44:47",1694259887937,1,"09/09/2023 12:44:47",142855,5,"questionnaire-97cc",NA,31604327,9343364,NA,"complete",NA,"64fc592debbc7be9153252b0","computer","Desktop or Laptop","Mac OS 10.15.7","Chrome 116.0.0.0","1440x900","1440x716",NA,NA,0,"ARI",2,"EFDGCHBIAJ","Passed AC2",NA,"Page 1","emujo8",1,"In the **last 6 months** and **compared to others of the same age,**
how well does each of the following statements describe your
behaviour/feelings?","response","Often lose temper-quantised","1",NA,"Easily annoyed by others|Often lose temper|Stay angry for a long time|Angry most of the time|Get angry frequently|Lose temper easily|Overall, irritability causes me problems","Multiple Choice Grid",1,"object-2","SUPPRF63488"
"6",1694256287938,"09/09/2023 10:44:47",1694259887938,1,"09/09/2023 12:44:47",142855,5,"questionnaire-97cc",NA,31604327,9343364,NA,"complete",NA,"64fc592debbc7be9153252b0","computer","Desktop or Laptop","Mac OS 10.15.7","Chrome 116.0.0.0","1440x900","1440x716",NA,NA,0,"ARI",2,"EFDGCHBIAJ","Passed AC2",NA,"Page 1","emujo8",1,"In the **last 6 months** and **compared to others of the same age,**
how well does each of the following statements describe your
behaviour/feelings?","response","Stay angry for a long time","Not true",NA,"Easily annoyed by others|Often lose temper|Stay angry for a long time|Angry most of the time|Get angry frequently|Lose temper easily|Overall, irritability causes me problems","Multiple Choice Grid",1,"object-2","SUPPRF63488"
"7",1694256287938,"09/09/2023 10:44:47",1694259887938,1,"09/09/2023 12:44:47",142855,5,"questionnaire-97cc",NA,31604327,9343364,NA,"complete",NA,"64fc592debbc7be9153252b0","computer","Desktop or Laptop","Mac OS 10.15.7","Chrome 116.0.0.0","1440x900","1440x716",NA,NA,0,"ARI",2,"EFDGCHBIAJ","Passed AC2",NA,"Page 1","emujo8",1,"In the **last 6 months** and **compared to others of the same age,**
how well does each of the following statements describe your
behaviour/feelings?","response","Stay angry for a long time-quantised","1",NA,"Easily annoyed by others|Often lose temper|Stay angry for a long time|Angry most of the time|Get angry frequently|Lose temper easily|Overall, irritability causes me problems","Multiple Choice Grid",1,"object-2","SUPPRF63488"
"8",1694256287939,"09/09/2023 10:44:47",1694259887939,1,"09/09/2023 12:44:47",142855,5,"questionnaire-97cc",NA,31604327,9343364,NA,"complete",NA,"64fc592debbc7be9153252b0","computer","Desktop or Laptop","Mac OS 10.15.7","Chrome 116.0.0.0","1440x900","1440x716",NA,NA,0,"ARI",2,"EFDGCHBIAJ","Passed AC2",NA,"Page 1","emujo8",1,"In the **last 6 months** and **compared to others of the same age,**
how well does each of the following statements describe your
behaviour/feelings?","response","Angry most of the time","Not true",NA,"Easily annoyed by others|Often lose temper|Stay angry for a long time|Angry most of the time|Get angry frequently|Lose temper easily|Overall, irritability causes me problems","Multiple Choice Grid",1,"object-2","SUPPRF63488"
"9",1694256287940,"09/09/2023 10:44:47",1694259887940,1,"09/09/2023 12:44:47",142855,5,"questionnaire-97cc",NA,31604327,9343364,NA,"complete",NA,"64fc592debbc7be9153252b0","computer","Desktop or Laptop","Mac OS 10.15.7","Chrome 116.0.0.0","1440x900","1440x716",NA,NA,0,"ARI",2,"EFDGCHBIAJ","Passed AC2",NA,"Page 1","emujo8",1,"In the **last 6 months** and **compared to others of the same age,**
how well does each of the following statements describe your
behaviour/feelings?","response","Angry most of the time-quantised","1",NA,"Easily annoyed by others|Often lose temper|Stay angry for a long time|Angry most of the time|Get angry frequently|Lose temper easily|Overall, irritability causes me problems","Multiple Choice Grid",1,"object-2","SUPPRF63488"
"10",1694256287941,"09/09/2023 10:44:47",1694259887941,1,"09/09/2023 12:44:47",142855,5,"questionnaire-97cc",NA,31604327,9343364,NA,"complete",NA,"64fc592debbc7be9153252b0","computer","Desktop or Laptop","Mac OS 10.15.7","Chrome 116.0.0.0","1440x900","1440x716",NA,NA,0,"ARI",2,"EFDGCHBIAJ","Passed AC2",NA,"Page 1","emujo8",1,"In the **last 6 months** and **compared to others of the same age,**
how well does each of the following statements describe your
behaviour/feelings?","response","Get angry frequently","Not true",NA,"Easily annoyed by others|Often lose temper|Stay angry for a long time|Angry most of the time|Get angry frequently|Lose temper easily|Overall, irritability causes me problems","Multiple Choice Grid",1,"object-2","SUPPRF63488"
"11",1694256287941,"09/09/2023 10:44:47",1694259887941,1,"09/09/2023 12:44:47",142855,5,"questionnaire-97cc",NA,31604327,9343364,NA,"complete",NA,"64fc592debbc7be9153252b0","computer","Desktop or Laptop","Mac OS 10.15.7","Chrome 116.0.0.0","1440x900","1440x716",NA,NA,0,"ARI",2,"EFDGCHBIAJ","Passed AC2",NA,"Page 1","emujo8",1,"In the **last 6 months** and **compared to others of the same age,**
how well does each of the following statements describe your
behaviour/feelings?","response","Get angry frequently-quantised","1",NA,"Easily annoyed by others|Often lose temper|Stay angry for a long time|Angry most of the time|Get angry frequently|Lose temper easily|Overall, irritability causes me problems","Multiple Choice Grid",1,"object-2","SUPPRF63488"
"12",1694256287942,"09/09/2023 10:44:47",1694259887942,1,"09/09/2023 12:44:47",142855,5,"questionnaire-97cc",NA,31604327,9343364,NA,"complete",NA,"64fc592debbc7be9153252b0","computer","Desktop or Laptop","Mac OS 10.15.7","Chrome 116.0.0.0","1440x900","1440x716",NA,NA,0,"ARI",2,"EFDGCHBIAJ","Passed AC2",NA,"Page 1","emujo8",1,"In the **last 6 months** and **compared to others of the same age,**
how well does each of the following statements describe your
behaviour/feelings?","response","Lose temper easily","Not true",NA,"Easily annoyed by others|Often lose temper|Stay angry for a long time|Angry most of the time|Get angry frequently|Lose temper easily|Overall, irritability causes me problems","Multiple Choice Grid",1,"object-2","SUPPRF63488"
"13",1694256287942,"09/09/2023 10:44:47",1694259887942,1,"09/09/2023 12:44:47",142855,5,"questionnaire-97cc",NA,31604327,9343364,NA,"complete",NA,"64fc592debbc7be9153252b0","computer","Desktop or Laptop","Mac OS 10.15.7","Chrome 116.0.0.0","1440x900","1440x716",NA,NA,0,"ARI",2,"EFDGCHBIAJ","Passed AC2",NA,"Page 1","emujo8",1,"In the **last 6 months** and **compared to others of the same age,**
how well does each of the following statements describe your
behaviour/feelings?","response","Lose temper easily-quantised","1",NA,"Easily annoyed by others|Often lose temper|Stay angry for a long time|Angry most of the time|Get angry frequently|Lose temper easily|Overall, irritability causes me problems","Multiple Choice Grid",1,"object-2","SUPPRF63488"
"14",1694256287943,"09/09/2023 10:44:47",1694259887943,1,"09/09/2023 12:44:47",142855,5,"questionnaire-97cc",NA,31604327,9343364,NA,"complete",NA,"64fc592debbc7be9153252b0","computer","Desktop or Laptop","Mac OS 10.15.7","Chrome 116.0.0.0","1440x900","1440x716",NA,NA,0,"ARI",2,"EFDGCHBIAJ","Passed AC2",NA,"Page 1","emujo8",1,"In the **last 6 months** and **compared to others of the same age,**
how well does each of the following statements describe your
behaviour/feelings?","response","Overall, irritability causes me problems","Somewhat true",NA,"Easily annoyed by others|Often lose temper|Stay angry for a long time|Angry most of the time|Get angry frequently|Lose temper easily|Overall, irritability causes me problems","Multiple Choice Grid",1,"object-2","SUPPRF63488"
"15",1694256287944,"09/09/2023 10:44:47",1694259887944,1,"09/09/2023 12:44:47",142855,5,"questionnaire-97cc",NA,31604327,9343364,NA,"complete",NA,"64fc592debbc7be9153252b0","computer","Desktop or Laptop","Mac OS 10.15.7","Chrome 116.0.0.0","1440x900","1440x716",NA,NA,0,"ARI",2,"EFDGCHBIAJ","Passed AC2",NA,"Page 1","emujo8",1,"In the **last 6 months** and **compared to others of the same age,**
how well does each of the following statements describe your
behaviour/feelings?","response","Overall, irritability causes me problems-quantised","2",NA,"Easily annoyed by others|Often lose temper|Stay angry for a long time|Angry most of the time|Get angry frequently|Lose temper easily|Overall, irritability causes me problems","Multiple Choice Grid",1,"object-2","SUPPRF63488"
"16",1694256287945,"09/09/2023 10:44:47",1694259887945,1,"09/09/2023 12:44:47",142855,5,"questionnaire-97cc",NA,31604327,9343364,NA,"complete",NA,"64fc592debbc7be9153252b0","computer","Desktop or Laptop","Mac OS 10.15.7","Chrome 116.0.0.0","1440x900","1440x716",NA,NA,0,"ARI",2,"EFDGCHBIAJ","Passed AC2",NA,"","",NA,"","5","","END",NA,"","",NA,"","SUPPRF63488"
"1",1694261520445,"09/09/2023 12:12:00",1694265120445,1,"09/09/2023 14:12:00",142855,5,"questionnaire-97cc",NA,31605181,9343513,NA,"complete",NA,"64fc6d952a2ccb4938c310b9","computer","Desktop or Laptop","Windows 10","Chrome 116.0.0.0","1536x864","1536x707",NA,NA,0,"ARI",2,"FGEHDICJBA","Passed AC2",NA,"","",NA,"","5","","BEGIN",NA,"","",NA,"","SUPPRF16300"
"2",1694261531722,"09/09/2023 12:12:11",1694265131722,1,"09/09/2023 14:12:11",142855,5,"questionnaire-97cc",NA,31605181,9343513,NA,"complete",NA,"64fc6d952a2ccb4938c310b9","computer","Desktop or Laptop","Windows 10","Chrome 116.0.0.0","1536x864","1536x707",NA,NA,0,"ARI",2,"FGEHDICJBA","Passed AC2",NA,"Page 1","emujo8",1,"In the **last 6 months** and **compared to others of the same age,**
how well does each of the following statements describe your
behaviour/feelings?","response","Easily annoyed by others","Somewhat true",NA,"Easily annoyed by others|Often lose temper|Stay angry for a long time|Angry most of the time|Get angry frequently|Lose temper easily|Overall, irritability causes me problems","Multiple Choice Grid",1,"object-2","SUPPRF16300"
"3",1694261531722,"09/09/2023 12:12:11",1694265131722,1,"09/09/2023 14:12:11",142855,5,"questionnaire-97cc",NA,31605181,9343513,NA,"complete",NA,"64fc6d952a2ccb4938c310b9","computer","Desktop or Laptop","Windows 10","Chrome 116.0.0.0","1536x864","1536x707",NA,NA,0,"ARI",2,"FGEHDICJBA","Passed AC2",NA,"Page 1","emujo8",1,"In the **last 6 months** and **compared to others of the same age,**
how well does each of the following statements describe your
behaviour/feelings?","response","Easily annoyed by others-quantised","2",NA,"Easily annoyed by others|Often lose temper|Stay angry for a long time|Angry most of the time|Get angry frequently|Lose temper easily|Overall, irritability causes me problems","Multiple Choice Grid",1,"object-2","SUPPRF16300"
"4",1694261531723,"09/09/2023 12:12:11",1694265131723,1,"09/09/2023 14:12:11",142855,5,"questionnaire-97cc",NA,31605181,9343513,NA,"complete",NA,"64fc6d952a2ccb4938c310b9","computer","Desktop or Laptop","Windows 10","Chrome 116.0.0.0","1536x864","1536x707",NA,NA,0,"ARI",2,"FGEHDICJBA","Passed AC2",NA,"Page 1","emujo8",1,"In the **last 6 months** and **compared to others of the same age,**
how well does each of the following statements describe your
behaviour/feelings?","response","Often lose temper","Certainly true",NA,"Easily annoyed by others|Often lose temper|Stay angry for a long time|Angry most of the time|Get angry frequently|Lose temper easily|Overall, irritability causes me problems","Multiple Choice Grid",1,"object-2","SUPPRF16300"
"5",1694261531723,"09/09/2023 12:12:11",1694265131723,1,"09/09/2023 14:12:11",142855,5,"questionnaire-97cc",NA,31605181,9343513,NA,"complete",NA,"64fc6d952a2ccb4938c310b9","computer","Desktop or Laptop","Windows 10","Chrome 116.0.0.0","1536x864","1536x707",NA,NA,0,"ARI",2,"FGEHDICJBA","Passed AC2",NA,"Page 1","emujo8",1,"In the **last 6 months** and **compared to others of the same age,**
how well does each of the following statements describe your
behaviour/feelings?","response","Often lose temper-quantised","3",NA,"Easily annoyed by others|Often lose temper|Stay angry for a long time|Angry most of the time|Get angry frequently|Lose temper easily|Overall, irritability causes me problems","Multiple Choice Grid",1,"object-2","SUPPRF16300"
"6",1694261531723,"09/09/2023 12:12:11",1694265131723,1,"09/09/2023 14:12:11",142855,5,"questionnaire-97cc",NA,31605181,9343513,NA,"complete",NA,"64fc6d952a2ccb4938c310b9","computer","Desktop or Laptop","Windows 10","Chrome 116.0.0.0","1536x864","1536x707",NA,NA,0,"ARI",2,"FGEHDICJBA","Passed AC2",NA,"Page 1","emujo8",1,"In the **last 6 months** and **compared to others of the same age,**
how well does each of the following statements describe your
behaviour/feelings?","response","Stay angry for a long time","Somewhat true",NA,"Easily annoyed by others|Often lose temper|Stay angry for a long time|Angry most of the time|Get angry frequently|Lose temper easily|Overall, irritability causes me problems","Multiple Choice Grid",1,"object-2","SUPPRF16300"
"7",1694261531724,"09/09/2023 12:12:11",1694265131724,1,"09/09/2023 14:12:11",142855,5,"questionnaire-97cc",NA,31605181,9343513,NA,"complete",NA,"64fc6d952a2ccb4938c310b9","computer","Desktop or Laptop","Windows 10","Chrome 116.0.0.0","1536x864","1536x707",NA,NA,0,"ARI",2,"FGEHDICJBA","Passed AC2",NA,"Page 1","emujo8",1,"In the **last 6 months** and **compared to others of the same age,**
how well does each of the following statements describe your
behaviour/feelings?","response","Stay angry for a long time-quantised","2",NA,"Easily annoyed by others|Often lose temper|Stay angry for a long time|Angry most of the time|Get angry frequently|Lose temper easily|Overall, irritability causes me problems","Multiple Choice Grid",1,"object-2","SUPPRF16300"
"8",1694261531724,"09/09/2023 12:12:11",1694265131724,1,"09/09/2023 14:12:11",142855,5,"questionnaire-97cc",NA,31605181,9343513,NA,"complete",NA,"64fc6d952a2ccb4938c310b9","computer","Desktop or Laptop","Windows 10","Chrome 116.0.0.0","1536x864","1536x707",NA,NA,0,"ARI",2,"FGEHDICJBA","Passed AC2",NA,"Page 1","emujo8",1,"In the **last 6 months** and **compared to others of the same age,**
how well does each of the following statements describe your
behaviour/feelings?","response","Angry most of the time","Somewhat true",NA,"Easily annoyed by others|Often lose temper|Stay angry for a long time|Angry most of the time|Get angry frequently|Lose temper easily|Overall, irritability causes me problems","Multiple Choice Grid",1,"object-2","SUPPRF16300"
"9",1694261531725,"09/09/2023 12:12:11",1694265131725,1,"09/09/2023 14:12:11",142855,5,"questionnaire-97cc",NA,31605181,9343513,NA,"complete",NA,"64fc6d952a2ccb4938c310b9","computer","Desktop or Laptop","Windows 10","Chrome 116.0.0.0","1536x864","1536x707",NA,NA,0,"ARI",2,"FGEHDICJBA","Passed AC2",NA,"Page 1","emujo8",1,"In the **last 6 months** and **compared to others of the same age,**
how well does each of the following statements describe your
behaviour/feelings?","response","Angry most of the time-quantised","2",NA,"Easily annoyed by others|Often lose temper|Stay angry for a long time|Angry most of the time|Get angry frequently|Lose temper easily|Overall, irritability causes me problems","Multiple Choice Grid",1,"object-2","SUPPRF16300"
"10",1694261531725,"09/09/2023 12:12:11",1694265131725,1,"09/09/2023 14:12:11",142855,5,"questionnaire-97cc",NA,31605181,9343513,NA,"complete",NA,"64fc6d952a2ccb4938c310b9","computer","Desktop or Laptop","Windows 10","Chrome 116.0.0.0","1536x864","1536x707",NA,NA,0,"ARI",2,"FGEHDICJBA","Passed AC2",NA,"Page 1","emujo8",1,"In the **last 6 months** and **compared to others of the same age,**
how well does each of the following statements describe your
behaviour/feelings?","response","Get angry frequently","Somewhat true",NA,"Easily annoyed by others|Often lose temper|Stay angry for a long time|Angry most of the time|Get angry frequently|Lose temper easily|Overall, irritability causes me problems","Multiple Choice Grid",1,"object-2","SUPPRF16300"
"11",1694261531726,"09/09/2023 12:12:11",1694265131726,1,"09/09/2023 14:12:11",142855,5,"questionnaire-97cc",NA,31605181,9343513,NA,"complete",NA,"64fc6d952a2ccb4938c310b9","computer","Desktop or Laptop","Windows 10","Chrome 116.0.0.0","1536x864","1536x707",NA,NA,0,"ARI",2,"FGEHDICJBA","Passed AC2",NA,"Page 1","emujo8",1,"In the **last 6 months** and **compared to others of the same age,**
how well does each of the following statements describe your
behaviour/feelings?","response","Get angry frequently-quantised","2",NA,"Easily annoyed by others|Often lose temper|Stay angry for a long time|Angry most of the time|Get angry frequently|Lose temper easily|Overall, irritability causes me problems","Multiple Choice Grid",1,"object-2","SUPPRF16300"
"12",1694261531726,"09/09/2023 12:12:11",1694265131726,1,"09/09/2023 14:12:11",142855,5,"questionnaire-97cc",NA,31605181,9343513,NA,"complete",NA,"64fc6d952a2ccb4938c310b9","computer","Desktop or Laptop","Windows 10","Chrome 116.0.0.0","1536x864","1536x707",NA,NA,0,"ARI",2,"FGEHDICJBA","Passed AC2",NA,"Page 1","emujo8",1,"In the **last 6 months** and **compared to others of the same age,**
how well does each of the following statements describe your
behaviour/feelings?","response","Lose temper easily","Somewhat true",NA,"Easily annoyed by others|Often lose temper|Stay angry for a long time|Angry most of the time|Get angry frequently|Lose temper easily|Overall, irritability causes me problems","Multiple Choice Grid",1,"object-2","SUPPRF16300"
"13",1694261531727,"09/09/2023 12:12:11",1694265131727,1,"09/09/2023 14:12:11",142855,5,"questionnaire-97cc",NA,31605181,9343513,NA,"complete",NA,"64fc6d952a2ccb4938c310b9","computer","Desktop or Laptop","Windows 10","Chrome 116.0.0.0","1536x864","1536x707",NA,NA,0,"ARI",2,"FGEHDICJBA","Passed AC2",NA,"Page 1","emujo8",1,"In the **last 6 months** and **compared to others of the same age,**
how well does each of the following statements describe your
behaviour/feelings?","response","Lose temper easily-quantised","2",NA,"Easily annoyed by others|Often lose temper|Stay angry for a long time|Angry most of the time|Get angry frequently|Lose temper easily|Overall, irritability causes me problems","Multiple Choice Grid",1,"object-2","SUPPRF16300"
"14",1694261531727,"09/09/2023 12:12:11",1694265131727,1,"09/09/2023 14:12:11",142855,5,"questionnaire-97cc",NA,31605181,9343513,NA,"complete",NA,"64fc6d952a2ccb4938c310b9","computer","Desktop or Laptop","Windows 10","Chrome 116.0.0.0","1536x864","1536x707",NA,NA,0,"ARI",2,"FGEHDICJBA","Passed AC2",NA,"Page 1","emujo8",1,"In the **last 6 months** and **compared to others of the same age,**
how well does each of the following statements describe your
behaviour/feelings?","response","Overall, irritability causes me problems","Somewhat true",NA,"Easily annoyed by others|Often lose temper|Stay angry for a long time|Angry most of the time|Get angry frequently|Lose temper easily|Overall, irritability causes me problems","Multiple Choice Grid",1,"object-2","SUPPRF16300"
"15",1694261531728,"09/09/2023 12:12:11",1694265131728,1,"09/09/2023 14:12:11",142855,5,"questionnaire-97cc",NA,31605181,9343513,NA,"complete",NA,"64fc6d952a2ccb4938c310b9","computer","Desktop or Laptop","Windows 10","Chrome 116.0.0.0","1536x864","1536x707",NA,NA,0,"ARI",2,"FGEHDICJBA","Passed AC2",NA,"Page 1","emujo8",1,"In the **last 6 months** and **compared to others of the same age,**
how well does each of the following statements describe your
behaviour/feelings?","response","Overall, irritability causes me problems-quantised","2",NA,"Easily annoyed by others|Often lose temper|Stay angry for a long time|Angry most of the time|Get angry frequently|Lose temper easily|Overall, irritability causes me problems","Multiple Choice Grid",1,"object-2","SUPPRF16300"
"16",1694261531728,"09/09/2023 12:12:11",1694265131728,1,"09/09/2023 14:12:11",142855,5,"questionnaire-97cc",NA,31605181,9343513,NA,"complete",NA,"64fc6d952a2ccb4938c310b9","computer","Desktop or Laptop","Windows 10","Chrome 116.0.0.0","1536x864","1536x707",NA,NA,0,"ARI",2,"FGEHDICJBA","Passed AC2",NA,"","",NA,"","5","","END",NA,"","",NA,"","SUPPRF16300"
"1",1694424558588,"11/09/2023 09:29:18",1694428158588,1,"11/09/2023 11:29:18",142855,5,"questionnaire-97cc",NA,31623394,9347069,NA,"complete",NA,"64feeaf115d4d65331808a39","computer","Desktop or Laptop","Mac OS 10.15.7","Chrome 116.0.0.0","1440x900","1200x746",NA,NA,0,"ARI",2,"GHFIEJDACB","Passed AC2",NA,"","",NA,"","5","","BEGIN",NA,"","",NA,"","SUPPRF15001"
"2",1694424580369,"11/09/2023 09:29:40",1694428180369,1,"11/09/2023 11:29:40",142855,5,"questionnaire-97cc",NA,31623394,9347069,NA,"complete",NA,"64feeaf115d4d65331808a39","computer","Desktop or Laptop","Mac OS 10.15.7","Chrome 116.0.0.0","1440x900","1440x815",NA,NA,0,"ARI",2,"GHFIEJDACB","Passed AC2",NA,"Page 1","emujo8",1,"In the **last 6 months** and **compared to others of the same age,**
how well does each of the following statements describe your
behaviour/feelings?","response","Easily annoyed by others","Somewhat true",NA,"Easily annoyed by others|Often lose temper|Stay angry for a long time|Angry most of the time|Get angry frequently|Lose temper easily|Overall, irritability causes me problems","Multiple Choice Grid",1,"object-2","SUPPRF15001"
"3",1694424580369,"11/09/2023 09:29:40",1694428180369,1,"11/09/2023 11:29:40",142855,5,"questionnaire-97cc",NA,31623394,9347069,NA,"complete",NA,"64feeaf115d4d65331808a39","computer","Desktop or Laptop","Mac OS 10.15.7","Chrome 116.0.0.0","1440x900","1440x815",NA,NA,0,"ARI",2,"GHFIEJDACB","Passed AC2",NA,"Page 1","emujo8",1,"In the **last 6 months** and **compared to others of the same age,**
how well does each of the following statements describe your
behaviour/feelings?","response","Easily annoyed by others-quantised","2",NA,"Easily annoyed by others|Often lose temper|Stay angry for a long time|Angry most of the time|Get angry frequently|Lose temper easily|Overall, irritability causes me problems","Multiple Choice Grid",1,"object-2","SUPPRF15001"
"4",1694424580370,"11/09/2023 09:29:40",1694428180370,1,"11/09/2023 11:29:40",142855,5,"questionnaire-97cc",NA,31623394,9347069,NA,"complete",NA,"64feeaf115d4d65331808a39","computer","Desktop or Laptop","Mac OS 10.15.7","Chrome 116.0.0.0","1440x900","1440x815",NA,NA,0,"ARI",2,"GHFIEJDACB","Passed AC2",NA,"Page 1","emujo8",1,"In the **last 6 months** and **compared to others of the same age,**
how well does each of the following statements describe your
behaviour/feelings?","response","Often lose temper","Not true",NA,"Easily annoyed by others|Often lose temper|Stay angry for a long time|Angry most of the time|Get angry frequently|Lose temper easily|Overall, irritability causes me problems","Multiple Choice Grid",1,"object-2","SUPPRF15001"
"5",1694424580371,"11/09/2023 09:29:40",1694428180371,1,"11/09/2023 11:29:40",142855,5,"questionnaire-97cc",NA,31623394,9347069,NA,"complete",NA,"64feeaf115d4d65331808a39","computer","Desktop or Laptop","Mac OS 10.15.7","Chrome 116.0.0.0","1440x900","1440x815",NA,NA,0,"ARI",2,"GHFIEJDACB","Passed AC2",NA,"Page 1","emujo8",1,"In the **last 6 months** and **compared to others of the same age,**
how well does each of the following statements describe your
behaviour/feelings?","response","Often lose temper-quantised","1",NA,"Easily annoyed by others|Often lose temper|Stay angry for a long time|Angry most of the time|Get angry frequently|Lose temper easily|Overall, irritability causes me problems","Multiple Choice Grid",1,"object-2","SUPPRF15001"
"6",1694424580372,"11/09/2023 09:29:40",1694428180372,1,"11/09/2023 11:29:40",142855,5,"questionnaire-97cc",NA,31623394,9347069,NA,"complete",NA,"64feeaf115d4d65331808a39","computer","Desktop or Laptop","Mac OS 10.15.7","Chrome 116.0.0.0","1440x900","1440x815",NA,NA,0,"ARI",2,"GHFIEJDACB","Passed AC2",NA,"Page 1","emujo8",1,"In the **last 6 months** and **compared to others of the same age,**
how well does each of the following statements describe your
behaviour/feelings?","response","Stay angry for a long time","Not true",NA,"Easily annoyed by others|Often lose temper|Stay angry for a long time|Angry most of the time|Get angry frequently|Lose temper easily|Overall, irritability causes me problems","Multiple Choice Grid",1,"object-2","SUPPRF15001"
"7",1694424580372,"11/09/2023 09:29:40",1694428180372,1,"11/09/2023 11:29:40",142855,5,"questionnaire-97cc",NA,31623394,9347069,NA,"complete",NA,"64feeaf115d4d65331808a39","computer","Desktop or Laptop","Mac OS 10.15.7","Chrome 116.0.0.0","1440x900","1440x815",NA,NA,0,"ARI",2,"GHFIEJDACB","Passed AC2",NA,"Page 1","emujo8",1,"In the **last 6 months** and **compared to others of the same age,**
how well does each of the following statements describe your
behaviour/feelings?","response","Stay angry for a long time-quantised","1",NA,"Easily annoyed by others|Often lose temper|Stay angry for a long time|Angry most of the time|Get angry frequently|Lose temper easily|Overall, irritability causes me problems","Multiple Choice Grid",1,"object-2","SUPPRF15001"
"8",1694424580373,"11/09/2023 09:29:40",1694428180373,1,"11/09/2023 11:29:40",142855,5,"questionnaire-97cc",NA,31623394,9347069,NA,"complete",NA,"64feeaf115d4d65331808a39","computer","Desktop or Laptop","Mac OS 10.15.7","Chrome 116.0.0.0","1440x900","1440x815",NA,NA,0,"ARI",2,"GHFIEJDACB","Passed AC2",NA,"Page 1","emujo8",1,"In the **last 6 months** and **compared to others of the same age,**
how well does each of the following statements describe your
behaviour/feelings?","response","Angry most of the time","Not true",NA,"Easily annoyed by others|Often lose temper|Stay angry for a long time|Angry most of the time|Get angry frequently|Lose temper easily|Overall, irritability causes me problems","Multiple Choice Grid",1,"object-2","SUPPRF15001"
"9",1694424580374,"11/09/2023 09:29:40",1694428180374,1,"11/09/2023 11:29:40",142855,5,"questionnaire-97cc",NA,31623394,9347069,NA,"complete",NA,"64feeaf115d4d65331808a39","computer","Desktop or Laptop","Mac OS 10.15.7","Chrome 116.0.0.0","1440x900","1440x815",NA,NA,0,"ARI",2,"GHFIEJDACB","Passed AC2",NA,"Page 1","emujo8",1,"In the **last 6 months** and **compared to others of the same age,**
how well does each of the following statements describe your
behaviour/feelings?","response","Angry most of the time-quantised","1",NA,"Easily annoyed by others|Often lose temper|Stay angry for a long time|Angry most of the time|Get angry frequently|Lose temper easily|Overall, irritability causes me problems","Multiple Choice Grid",1,"object-2","SUPPRF15001"
"10",1694424580375,"11/09/2023 09:29:40",1694428180375,1,"11/09/2023 11:29:40",142855,5,"questionnaire-97cc",NA,31623394,9347069,NA,"complete",NA,"64feeaf115d4d65331808a39","computer","Desktop or Laptop","Mac OS 10.15.7","Chrome 116.0.0.0","1440x900","1440x815",NA,NA,0,"ARI",2,"GHFIEJDACB","Passed AC2",NA,"Page 1","emujo8",1,"In the **last 6 months** and **compared to others of the same age,**
how well does each of the following statements describe your
behaviour/feelings?","response","Get angry frequently","Not true",NA,"Easily annoyed by others|Often lose temper|Stay angry for a long time|Angry most of the time|Get angry frequently|Lose temper easily|Overall, irritability causes me problems","Multiple Choice Grid",1,"object-2","SUPPRF15001"
"11",1694424580375,"11/09/2023 09:29:40",1694428180375,1,"11/09/2023 11:29:40",142855,5,"questionnaire-97cc",NA,31623394,9347069,NA,"complete",NA,"64feeaf115d4d65331808a39","computer","Desktop or Laptop","Mac OS 10.15.7","Chrome 116.0.0.0","1440x900","1440x815",NA,NA,0,"ARI",2,"GHFIEJDACB","Passed AC2",NA,"Page 1","emujo8",1,"In the **last 6 months** and **compared to others of the same age,**
how well does each of the following statements describe your
behaviour/feelings?","response","Get angry frequently-quantised","1",NA,"Easily annoyed by others|Often lose temper|Stay angry for a long time|Angry most of the time|Get angry frequently|Lose temper easily|Overall, irritability causes me problems","Multiple Choice Grid",1,"object-2","SUPPRF15001"
"12",1694424580376,"11/09/2023 09:29:40",1694428180376,1,"11/09/2023 11:29:40",142855,5,"questionnaire-97cc",NA,31623394,9347069,NA,"complete",NA,"64feeaf115d4d65331808a39","computer","Desktop or Laptop","Mac OS 10.15.7","Chrome 116.0.0.0","1440x900","1440x815",NA,NA,0,"ARI",2,"GHFIEJDACB","Passed AC2",NA,"Page 1","emujo8",1,"In the **last 6 months** and **compared to others of the same age,**
how well does each of the following statements describe your
behaviour/feelings?","response","Lose temper easily","Not true",NA,"Easily annoyed by others|Often lose temper|Stay angry for a long time|Angry most of the time|Get angry frequently|Lose temper easily|Overall, irritability causes me problems","Multiple Choice Grid",1,"object-2","SUPPRF15001"
"13",1694424580377,"11/09/2023 09:29:40",1694428180377,1,"11/09/2023 11:29:40",142855,5,"questionnaire-97cc",NA,31623394,9347069,NA,"complete",NA,"64feeaf115d4d65331808a39","computer","Desktop or Laptop","Mac OS 10.15.7","Chrome 116.0.0.0","1440x900","1440x815",NA,NA,0,"ARI",2,"GHFIEJDACB","Passed AC2",NA,"Page 1","emujo8",1,"In the **last 6 months** and **compared to others of the same age,**
how well does each of the following statements describe your
behaviour/feelings?","response","Lose temper easily-quantised","1",NA,"Easily annoyed by others|Often lose temper|Stay angry for a long time|Angry most of the time|Get angry frequently|Lose temper easily|Overall, irritability causes me problems","Multiple Choice Grid",1,"object-2","SUPPRF15001"
"14",1694424580378,"11/09/2023 09:29:40",1694428180378,1,"11/09/2023 11:29:40",142855,5,"questionnaire-97cc",NA,31623394,9347069,NA,"complete",NA,"64feeaf115d4d65331808a39","computer","Desktop or Laptop","Mac OS 10.15.7","Chrome 116.0.0.0","1440x900","1440x815",NA,NA,0,"ARI",2,"GHFIEJDACB","Passed AC2",NA,"Page 1","emujo8",1,"In the **last 6 months** and **compared to others of the same age,**
how well does each of the following statements describe your
behaviour/feelings?","response","Overall, irritability causes me problems","Somewhat true",NA,"Easily annoyed by others|Often lose temper|Stay angry for a long time|Angry most of the time|Get angry frequently|Lose temper easily|Overall, irritability causes me problems","Multiple Choice Grid",1,"object-2","SUPPRF15001"
"15",1694424580379,"11/09/2023 09:29:40",1694428180379,1,"11/09/2023 11:29:40",142855,5,"questionnaire-97cc",NA,31623394,9347069,NA,"complete",NA,"64feeaf115d4d65331808a39","computer","Desktop or Laptop","Mac OS 10.15.7","Chrome 116.0.0.0","1440x900","1440x815",NA,NA,0,"ARI",2,"GHFIEJDACB","Passed AC2",NA,"Page 1","emujo8",1,"In the **last 6 months** and **compared to others of the same age,**
how well does each of the following statements describe your
behaviour/feelings?","response","Overall, irritability causes me problems-quantised","2",NA,"Easily annoyed by others|Often lose temper|Stay angry for a long time|Angry most of the time|Get angry frequently|Lose temper easily|Overall, irritability causes me problems","Multiple Choice Grid",1,"object-2","SUPPRF15001"
"16",1694424580380,"11/09/2023 09:29:40",1694428180380,1,"11/09/2023 11:29:40",142855,5,"questionnaire-97cc",NA,31623394,9347069,NA,"complete",NA,"64feeaf115d4d65331808a39","computer","Desktop or Laptop","Mac OS 10.15.7","Chrome 116.0.0.0","1440x900","1440x815",NA,NA,0,"ARI",2,"GHFIEJDACB","Passed AC2",NA,"","",NA,"","5","","END",NA,"","",NA,"","SUPPRF15001"
"1",1694256457747,"09/09/2023 10:47:37",1694260057747,1,"09/09/2023 12:47:37",142855,5,"questionnaire-97cc",NA,31604382,9343324,NA,"rejected - time limit reached",NA,"64fc55611e1e4bda5151583a","computer","Desktop or Laptop","Mac OS 10.15.7","Chrome 115.0.0.0","1440x900","1440x684",NA,NA,0,"ARI",2,"DECFBGAHJI","Passed AC2",NA,"","",NA,"","5","","BEGIN",NA,"","",NA,"","SUPPRF66474"
"2",1694256472553,"09/09/2023 10:47:52",1694260072553,1,"09/09/2023 12:47:52",142855,5,"questionnaire-97cc",NA,31604382,9343324,NA,"rejected - time limit reached",NA,"64fc55611e1e4bda5151583a","computer","Desktop or Laptop","Mac OS 10.15.7","Chrome 115.0.0.0","1440x900","1440x684",NA,NA,0,"ARI",2,"DECFBGAHJI","Passed AC2",NA,"Page 1","emujo8",1,"In the **last 6 months** and **compared to others of the same age,**
how well does each of the following statements describe your
behaviour/feelings?","response","Easily annoyed by others","Certainly true",NA,"Easily annoyed by others|Often lose temper|Stay angry for a long time|Angry most of the time|Get angry frequently|Lose temper easily|Overall, irritability causes me problems","Multiple Choice Grid",1,"object-2","SUPPRF66474"
"3",1694256472554,"09/09/2023 10:47:52",1694260072554,1,"09/09/2023 12:47:52",142855,5,"questionnaire-97cc",NA,31604382,9343324,NA,"rejected - time limit reached",NA,"64fc55611e1e4bda5151583a","computer","Desktop or Laptop","Mac OS 10.15.7","Chrome 115.0.0.0","1440x900","1440x684",NA,NA,0,"ARI",2,"DECFBGAHJI","Passed AC2",NA,"Page 1","emujo8",1,"In the **last 6 months** and **compared to others of the same age,**
how well does each of the following statements describe your
behaviour/feelings?","response","Easily annoyed by others-quantised","3",NA,"Easily annoyed by others|Often lose temper|Stay angry for a long time|Angry most of the time|Get angry frequently|Lose temper easily|Overall, irritability causes me problems","Multiple Choice Grid",1,"object-2","SUPPRF66474"
"4",1694256472554,"09/09/2023 10:47:52",1694260072554,1,"09/09/2023 12:47:52",142855,5,"questionnaire-97cc",NA,31604382,9343324,NA,"rejected - time limit reached",NA,"64fc55611e1e4bda5151583a","computer","Desktop or Laptop","Mac OS 10.15.7","Chrome 115.0.0.0","1440x900","1440x684",NA,NA,0,"ARI",2,"DECFBGAHJI","Passed AC2",NA,"Page 1","emujo8",1,"In the **last 6 months** and **compared to others of the same age,**
how well does each of the following statements describe your
behaviour/feelings?","response","Often lose temper","Somewhat true",NA,"Easily annoyed by others|Often lose temper|Stay angry for a long time|Angry most of the time|Get angry frequently|Lose temper easily|Overall, irritability causes me problems","Multiple Choice Grid",1,"object-2","SUPPRF66474"
"5",1694256472554,"09/09/2023 10:47:52",1694260072554,1,"09/09/2023 12:47:52",142855,5,"questionnaire-97cc",NA,31604382,9343324,NA,"rejected - time limit reached",NA,"64fc55611e1e4bda5151583a","computer","Desktop or Laptop","Mac OS 10.15.7","Chrome 115.0.0.0","1440x900","1440x684",NA,NA,0,"ARI",2,"DECFBGAHJI","Passed AC2",NA,"Page 1","emujo8",1,"In the **last 6 months** and **compared to others of the same age,**
how well does each of the following statements describe your
behaviour/feelings?","response","Often lose temper-quantised","2",NA,"Easily annoyed by others|Often lose temper|Stay angry for a long time|Angry most of the time|Get angry frequently|Lose temper easily|Overall, irritability causes me problems","Multiple Choice Grid",1,"object-2","SUPPRF66474"
"6",1694256472554,"09/09/2023 10:47:52",1694260072554,1,"09/09/2023 12:47:52",142855,5,"questionnaire-97cc",NA,31604382,9343324,NA,"rejected - time limit reached",NA,"64fc55611e1e4bda5151583a","computer","Desktop or Laptop","Mac OS 10.15.7","Chrome 115.0.0.0","1440x900","1440x684",NA,NA,0,"ARI",2,"DECFBGAHJI","Passed AC2",NA,"Page 1","emujo8",1,"In the **last 6 months** and **compared to others of the same age,**
how well does each of the following statements describe your
behaviour/feelings?","response","Stay angry for a long time","Not true",NA,"Easily annoyed by others|Often lose temper|Stay angry for a long time|Angry most of the time|Get angry frequently|Lose temper easily|Overall, irritability causes me problems","Multiple Choice Grid",1,"object-2","SUPPRF66474"
"7",1694256472555,"09/09/2023 10:47:52",1694260072555,1,"09/09/2023 12:47:52",142855,5,"questionnaire-97cc",NA,31604382,9343324,NA,"rejected - time limit reached",NA,"64fc55611e1e4bda5151583a","computer","Desktop or Laptop","Mac OS 10.15.7","Chrome 115.0.0.0","1440x900","1440x684",NA,NA,0,"ARI",2,"DECFBGAHJI","Passed AC2",NA,"Page 1","emujo8",1,"In the **last 6 months** and **compared to others of the same age,**
how well does each of the following statements describe your
behaviour/feelings?","response","Stay angry for a long time-quantised","1",NA,"Easily annoyed by others|Often lose temper|Stay angry for a long time|Angry most of the time|Get angry frequently|Lose temper easily|Overall, irritability causes me problems","Multiple Choice Grid",1,"object-2","SUPPRF66474"
"8",1694256472555,"09/09/2023 10:47:52",1694260072555,1,"09/09/2023 12:47:52",142855,5,"questionnaire-97cc",NA,31604382,9343324,NA,"rejected - time limit reached",NA,"64fc55611e1e4bda5151583a","computer","Desktop or Laptop","Mac OS 10.15.7","Chrome 115.0.0.0","1440x900","1440x684",NA,NA,0,"ARI",2,"DECFBGAHJI","Passed AC2",NA,"Page 1","emujo8",1,"In the **last 6 months** and **compared to others of the same age,**
how well does each of the following statements describe your
behaviour/feelings?","response","Angry most of the time","Not true",NA,"Easily annoyed by others|Often lose temper|Stay angry for a long time|Angry most of the time|Get angry frequently|Lose temper easily|Overall, irritability causes me problems","Multiple Choice Grid",1,"object-2","SUPPRF66474"
"9",1694256472556,"09/09/2023 10:47:52",1694260072556,1,"09/09/2023 12:47:52",142855,5,"questionnaire-97cc",NA,31604382,9343324,NA,"rejected - time limit reached",NA,"64fc55611e1e4bda5151583a","computer","Desktop or Laptop","Mac OS 10.15.7","Chrome 115.0.0.0","1440x900","1440x684",NA,NA,0,"ARI",2,"DECFBGAHJI","Passed AC2",NA,"Page 1","emujo8",1,"In the **last 6 months** and **compared to others of the same age,**
how well does each of the following statements describe your
behaviour/feelings?","response","Angry most of the time-quantised","1",NA,"Easily annoyed by others|Often lose temper|Stay angry for a long time|Angry most of the time|Get angry frequently|Lose temper easily|Overall, irritability causes me problems","Multiple Choice Grid",1,"object-2","SUPPRF66474"
"10",1694256472556,"09/09/2023 10:47:52",1694260072556,1,"09/09/2023 12:47:52",142855,5,"questionnaire-97cc",NA,31604382,9343324,NA,"rejected - time limit reached",NA,"64fc55611e1e4bda5151583a","computer","Desktop or Laptop","Mac OS 10.15.7","Chrome 115.0.0.0","1440x900","1440x684",NA,NA,0,"ARI",2,"DECFBGAHJI","Passed AC2",NA,"Page 1","emujo8",1,"In the **last 6 months** and **compared to others of the same age,**
how well does each of the following statements describe your
behaviour/feelings?","response","Get angry frequently","Somewhat true",NA,"Easily annoyed by others|Often lose temper|Stay angry for a long time|Angry most of the time|Get angry frequently|Lose temper easily|Overall, irritability causes me problems","Multiple Choice Grid",1,"object-2","SUPPRF66474"
"11",1694256472556,"09/09/2023 10:47:52",1694260072556,1,"09/09/2023 12:47:52",142855,5,"questionnaire-97cc",NA,31604382,9343324,NA,"rejected - time limit reached",NA,"64fc55611e1e4bda5151583a","computer","Desktop or Laptop","Mac OS 10.15.7","Chrome 115.0.0.0","1440x900","1440x684",NA,NA,0,"ARI",2,"DECFBGAHJI","Passed AC2",NA,"Page 1","emujo8",1,"In the **last 6 months** and **compared to others of the same age,**
how well does each of the following statements describe your
behaviour/feelings?","response","Get angry frequently-quantised","2",NA,"Easily annoyed by others|Often lose temper|Stay angry for a long time|Angry most of the time|Get angry frequently|Lose temper easily|Overall, irritability causes me problems","Multiple Choice Grid",1,"object-2","SUPPRF66474"
"12",1694256472557,"09/09/2023 10:47:52",1694260072557,1,"09/09/2023 12:47:52",142855,5,"questionnaire-97cc",NA,31604382,9343324,NA,"rejected - time limit reached",NA,"64fc55611e1e4bda5151583a","computer","Desktop or Laptop","Mac OS 10.15.7","Chrome 115.0.0.0","1440x900","1440x684",NA,NA,0,"ARI",2,"DECFBGAHJI","Passed AC2",NA,"Page 1","emujo8",1,"In the **last 6 months** and **compared to others of the same age,**
how well does each of the following statements describe your
behaviour/feelings?","response","Lose temper easily","Somewhat true",NA,"Easily annoyed by others|Often lose temper|Stay angry for a long time|Angry most of the time|Get angry frequently|Lose temper easily|Overall, irritability causes me problems","Multiple Choice Grid",1,"object-2","SUPPRF66474"
"13",1694256472557,"09/09/2023 10:47:52",1694260072557,1,"09/09/2023 12:47:52",142855,5,"questionnaire-97cc",NA,31604382,9343324,NA,"rejected - time limit reached",NA,"64fc55611e1e4bda5151583a","computer","Desktop or Laptop","Mac OS 10.15.7","Chrome 115.0.0.0","1440x900","1440x684",NA,NA,0,"ARI",2,"DECFBGAHJI","Passed AC2",NA,"Page 1","emujo8",1,"In the **last 6 months** and **compared to others of the same age,**
how well does each of the following statements describe your
behaviour/feelings?","response","Lose temper easily-quantised","2",NA,"Easily annoyed by others|Often lose temper|Stay angry for a long time|Angry most of the time|Get angry frequently|Lose temper easily|Overall, irritability causes me problems","Multiple Choice Grid",1,"object-2","SUPPRF66474"
"14",1694256472558,"09/09/2023 10:47:52",1694260072558,1,"09/09/2023 12:47:52",142855,5,"questionnaire-97cc",NA,31604382,9343324,NA,"rejected - time limit reached",NA,"64fc55611e1e4bda5151583a","computer","Desktop or Laptop","Mac OS 10.15.7","Chrome 115.0.0.0","1440x900","1440x684",NA,NA,0,"ARI",2,"DECFBGAHJI","Passed AC2",NA,"Page 1","emujo8",1,"In the **last 6 months** and **compared to others of the same age,**
how well does each of the following statements describe your
behaviour/feelings?","response","Overall, irritability causes me problems","Somewhat true",NA,"Easily annoyed by others|Often lose temper|Stay angry for a long time|Angry most of the time|Get angry frequently|Lose temper easily|Overall, irritability causes me problems","Multiple Choice Grid",1,"object-2","SUPPRF66474"
"15",1694256472558,"09/09/2023 10:47:52",1694260072558,1,"09/09/2023 12:47:52",142855,5,"questionnaire-97cc",NA,31604382,9343324,NA,"rejected - time limit reached",NA,"64fc55611e1e4bda5151583a","computer","Desktop or Laptop","Mac OS 10.15.7","Chrome 115.0.0.0","1440x900","1440x684",NA,NA,0,"ARI",2,"DECFBGAHJI","Passed AC2",NA,"Page 1","emujo8",1,"In the **last 6 months** and **compared to others of the same age,**
how well does each of the following statements describe your
behaviour/feelings?","response","Overall, irritability causes me problems-quantised","2",NA,"Easily annoyed by others|Often lose temper|Stay angry for a long time|Angry most of the time|Get angry frequently|Lose temper easily|Overall, irritability causes me problems","Multiple Choice Grid",1,"object-2","SUPPRF66474"
"16",1694256472558,"09/09/2023 10:47:52",1694260072558,1,"09/09/2023 12:47:52",142855,5,"questionnaire-97cc",NA,31604382,9343324,NA,"rejected - time limit reached",NA,"64fc55611e1e4bda5151583a","computer","Desktop or Laptop","Mac OS 10.15.7","Chrome 115.0.0.0","1440x900","1440x684",NA,NA,0,"ARI",2,"DECFBGAHJI","Passed AC2",NA,"","",NA,"","5","","END",NA,"","",NA,"","SUPPRF66474"
"1",1694198420325,"08/09/2023 18:40:20",1694202020325,1,"08/09/2023 20:40:20",142855,5,"questionnaire-97cc",NA,31597585,9342143,NA,"complete",NA,"64fb769e55ec4e2ed9c310fb","computer","Desktop or Laptop","Windows 10","Chrome 116.0.0.0","1536x864","1707x830",NA,NA,0,"ARI",2,"ABJCIDHEGF","Passed AC2",NA,"","",NA,"","5","","BEGIN",NA,"","",NA,"","SUPPRF02973"
"2",1694198433368,"08/09/2023 18:40:33",1694202033368,1,"08/09/2023 20:40:33",142855,5,"questionnaire-97cc",NA,31597585,9342143,NA,"complete",NA,"64fb769e55ec4e2ed9c310fb","computer","Desktop or Laptop","Windows 10","Chrome 116.0.0.0","1536x864","1707x830",NA,NA,0,"ARI",2,"ABJCIDHEGF","Passed AC2",NA,"Page 1","emujo8",1,"In the **last 6 months** and **compared to others of the same age,**
how well does each of the following statements describe your
behaviour/feelings?","response","Easily annoyed by others","Not true",NA,"Easily annoyed by others|Often lose temper|Stay angry for a long time|Angry most of the time|Get angry frequently|Lose temper easily|Overall, irritability causes me problems","Multiple Choice Grid",1,"object-2","SUPPRF02973"
"3",1694198433368,"08/09/2023 18:40:33",1694202033368,1,"08/09/2023 20:40:33",142855,5,"questionnaire-97cc",NA,31597585,9342143,NA,"complete",NA,"64fb769e55ec4e2ed9c310fb","computer","Desktop or Laptop","Windows 10","Chrome 116.0.0.0","1536x864","1707x830",NA,NA,0,"ARI",2,"ABJCIDHEGF","Passed AC2",NA,"Page 1","emujo8",1,"In the **last 6 months** and **compared to others of the same age,**
how well does each of the following statements describe your
behaviour/feelings?","response","Easily annoyed by others-quantised","1",NA,"Easily annoyed by others|Often lose temper|Stay angry for a long time|Angry most of the time|Get angry frequently|Lose temper easily|Overall, irritability causes me problems","Multiple Choice Grid",1,"object-2","SUPPRF02973"
"4",1694198433369,"08/09/2023 18:40:33",1694202033369,1,"08/09/2023 20:40:33",142855,5,"questionnaire-97cc",NA,31597585,9342143,NA,"complete",NA,"64fb769e55ec4e2ed9c310fb","computer","Desktop or Laptop","Windows 10","Chrome 116.0.0.0","1536x864","1707x830",NA,NA,0,"ARI",2,"ABJCIDHEGF","Passed AC2",NA,"Page 1","emujo8",1,"In the **last 6 months** and **compared to others of the same age,**
how well does each of the following statements describe your
behaviour/feelings?","response","Often lose temper","Not true",NA,"Easily annoyed by others|Often lose temper|Stay angry for a long time|Angry most of the time|Get angry frequently|Lose temper easily|Overall, irritability causes me problems","Multiple Choice Grid",1,"object-2","SUPPRF02973"
"5",1694198433369,"08/09/2023 18:40:33",1694202033369,1,"08/09/2023 20:40:33",142855,5,"questionnaire-97cc",NA,31597585,9342143,NA,"complete",NA,"64fb769e55ec4e2ed9c310fb","computer","Desktop or Laptop","Windows 10","Chrome 116.0.0.0","1536x864","1707x830",NA,NA,0,"ARI",2,"ABJCIDHEGF","Passed AC2",NA,"Page 1","emujo8",1,"In the **last 6 months** and **compared to others of the same age,**
how well does each of the following statements describe your
behaviour/feelings?","response","Often lose temper-quantised","1",NA,"Easily annoyed by others|Often lose temper|Stay angry for a long time|Angry most of the time|Get angry frequently|Lose temper easily|Overall, irritability causes me problems","Multiple Choice Grid",1,"object-2","SUPPRF02973"
"6",1694198433369,"08/09/2023 18:40:33",1694202033369,1,"08/09/2023 20:40:33",142855,5,"questionnaire-97cc",NA,31597585,9342143,NA,"complete",NA,"64fb769e55ec4e2ed9c310fb","computer","Desktop or Laptop","Windows 10","Chrome 116.0.0.0","1536x864","1707x830",NA,NA,0,"ARI",2,"ABJCIDHEGF","Passed AC2",NA,"Page 1","emujo8",1,"In the **last 6 months** and **compared to others of the same age,**
how well does each of the following statements describe your
behaviour/feelings?","response","Stay angry for a long time","Not true",NA,"Easily annoyed by others|Often lose temper|Stay angry for a long time|Angry most of the time|Get angry frequently|Lose temper easily|Overall, irritability causes me problems","Multiple Choice Grid",1,"object-2","SUPPRF02973"
"7",1694198433370,"08/09/2023 18:40:33",1694202033370,1,"08/09/2023 20:40:33",142855,5,"questionnaire-97cc",NA,31597585,9342143,NA,"complete",NA,"64fb769e55ec4e2ed9c310fb","computer","Desktop or Laptop","Windows 10","Chrome 116.0.0.0","1536x864","1707x830",NA,NA,0,"ARI",2,"ABJCIDHEGF","Passed AC2",NA,"Page 1","emujo8",1,"In the **last 6 months** and **compared to others of the same age,**
how well does each of the following statements describe your
behaviour/feelings?","response","Stay angry for a long time-quantised","1",NA,"Easily annoyed by others|Often lose temper|Stay angry for a long time|Angry most of the time|Get angry frequently|Lose temper easily|Overall, irritability causes me problems","Multiple Choice Grid",1,"object-2","SUPPRF02973"
"8",1694198433370,"08/09/2023 18:40:33",1694202033370,1,"08/09/2023 20:40:33",142855,5,"questionnaire-97cc",NA,31597585,9342143,NA,"complete",NA,"64fb769e55ec4e2ed9c310fb","computer","Desktop or Laptop","Windows 10","Chrome 116.0.0.0","1536x864","1707x830",NA,NA,0,"ARI",2,"ABJCIDHEGF","Passed AC2",NA,"Page 1","emujo8",1,"In the **last 6 months** and **compared to others of the same age,**
how well does each of the following statements describe your
behaviour/feelings?","response","Angry most of the time","Not true",NA,"Easily annoyed by others|Often lose temper|Stay angry for a long time|Angry most of the time|Get angry frequently|Lose temper easily|Overall, irritability causes me problems","Multiple Choice Grid",1,"object-2","SUPPRF02973"
"9",1694198433371,"08/09/2023 18:40:33",1694202033371,1,"08/09/2023 20:40:33",142855,5,"questionnaire-97cc",NA,31597585,9342143,NA,"complete",NA,"64fb769e55ec4e2ed9c310fb","computer","Desktop or Laptop","Windows 10","Chrome 116.0.0.0","1536x864","1707x830",NA,NA,0,"ARI",2,"ABJCIDHEGF","Passed AC2",NA,"Page 1","emujo8",1,"In the **last 6 months** and **compared to others of the same age,**
how well does each of the following statements describe your
behaviour/feelings?","response","Angry most of the time-quantised","1",NA,"Easily annoyed by others|Often lose temper|Stay angry for a long time|Angry most of the time|Get angry frequently|Lose temper easily|Overall, irritability causes me problems","Multiple Choice Grid",1,"object-2","SUPPRF02973"
"10",1694198433371,"08/09/2023 18:40:33",1694202033371,1,"08/09/2023 20:40:33",142855,5,"questionnaire-97cc",NA,31597585,9342143,NA,"complete",NA,"64fb769e55ec4e2ed9c310fb","computer","Desktop or Laptop","Windows 10","Chrome 116.0.0.0","1536x864","1707x830",NA,NA,0,"ARI",2,"ABJCIDHEGF","Passed AC2",NA,"Page 1","emujo8",1,"In the **last 6 months** and **compared to others of the same age,**
how well does each of the following statements describe your
behaviour/feelings?","response","Get angry frequently","Not true",NA,"Easily annoyed by others|Often lose temper|Stay angry for a long time|Angry most of the time|Get angry frequently|Lose temper easily|Overall, irritability causes me problems","Multiple Choice Grid",1,"object-2","SUPPRF02973"
"11",1694198433372,"08/09/2023 18:40:33",1694202033372,1,"08/09/2023 20:40:33",142855,5,"questionnaire-97cc",NA,31597585,9342143,NA,"complete",NA,"64fb769e55ec4e2ed9c310fb","computer","Desktop or Laptop","Windows 10","Chrome 116.0.0.0","1536x864","1707x830",NA,NA,0,"ARI",2,"ABJCIDHEGF","Passed AC2",NA,"Page 1","emujo8",1,"In the **last 6 months** and **compared to others of the same age,**
how well does each of the following statements describe your
behaviour/feelings?","response","Get angry frequently-quantised","1",NA,"Easily annoyed by others|Often lose temper|Stay angry for a long time|Angry most of the time|Get angry frequently|Lose temper easily|Overall, irritability causes me problems","Multiple Choice Grid",1,"object-2","SUPPRF02973"
"12",1694198433372,"08/09/2023 18:40:33",1694202033372,1,"08/09/2023 20:40:33",142855,5,"questionnaire-97cc",NA,31597585,9342143,NA,"complete",NA,"64fb769e55ec4e2ed9c310fb","computer","Desktop or Laptop","Windows 10","Chrome 116.0.0.0","1536x864","1707x830",NA,NA,0,"ARI",2,"ABJCIDHEGF","Passed AC2",NA,"Page 1","emujo8",1,"In the **last 6 months** and **compared to others of the same age,**
how well does each of the following statements describe your
behaviour/feelings?","response","Lose temper easily","Not true",NA,"Easily annoyed by others|Often lose temper|Stay angry for a long time|Angry most of the time|Get angry frequently|Lose temper easily|Overall, irritability causes me problems","Multiple Choice Grid",1,"object-2","SUPPRF02973"
"13",1694198433372,"08/09/2023 18:40:33",1694202033372,1,"08/09/2023 20:40:33",142855,5,"questionnaire-97cc",NA,31597585,9342143,NA,"complete",NA,"64fb769e55ec4e2ed9c310fb","computer","Desktop or Laptop","Windows 10","Chrome 116.0.0.0","1536x864","1707x830",NA,NA,0,"ARI",2,"ABJCIDHEGF","Passed AC2",NA,"Page 1","emujo8",1,"In the **last 6 months** and **compared to others of the same age,**
how well does each of the following statements describe your
behaviour/feelings?","response","Lose temper easily-quantised","1",NA,"Easily annoyed by others|Often lose temper|Stay angry for a long time|Angry most of the time|Get angry frequently|Lose temper easily|Overall, irritability causes me problems","Multiple Choice Grid",1,"object-2","SUPPRF02973"
"14",1694198433373,"08/09/2023 18:40:33",1694202033373,1,"08/09/2023 20:40:33",142855,5,"questionnaire-97cc",NA,31597585,9342143,NA,"complete",NA,"64fb769e55ec4e2ed9c310fb","computer","Desktop or Laptop","Windows 10","Chrome 116.0.0.0","1536x864","1707x830",NA,NA,0,"ARI",2,"ABJCIDHEGF","Passed AC2",NA,"Page 1","emujo8",1,"In the **last 6 months** and **compared to others of the same age,**
how well does each of the following statements describe your
behaviour/feelings?","response","Overall, irritability causes me problems","Not true",NA,"Easily annoyed by others|Often lose temper|Stay angry for a long time|Angry most of the time|Get angry frequently|Lose temper easily|Overall, irritability causes me problems","Multiple Choice Grid",1,"object-2","SUPPRF02973"
"15",1694198433374,"08/09/2023 18:40:33",1694202033374,1,"08/09/2023 20:40:33",142855,5,"questionnaire-97cc",NA,31597585,9342143,NA,"complete",NA,"64fb769e55ec4e2ed9c310fb","computer","Desktop or Laptop","Windows 10","Chrome 116.0.0.0","1536x864","1707x830",NA,NA,0,"ARI",2,"ABJCIDHEGF","Passed AC2",NA,"Page 1","emujo8",1,"In the **last 6 months** and **compared to others of the same age,**
how well does each of the following statements describe your
behaviour/feelings?","response","Overall, irritability causes me problems-quantised","1",NA,"Easily annoyed by others|Often lose temper|Stay angry for a long time|Angry most of the time|Get angry frequently|Lose temper easily|Overall, irritability causes me problems","Multiple Choice Grid",1,"object-2","SUPPRF02973"
"16",1694198433374,"08/09/2023 18:40:33",1694202033374,1,"08/09/2023 20:40:33",142855,5,"questionnaire-97cc",NA,31597585,9342143,NA,"complete",NA,"64fb769e55ec4e2ed9c310fb","computer","Desktop or Laptop","Windows 10","Chrome 116.0.0.0","1536x864","1707x830",NA,NA,0,"ARI",2,"ABJCIDHEGF","Passed AC2",NA,"","",NA,"","5","","END",NA,"","",NA,"","SUPPRF02973"
